{"Beijing": 95.36991643333332, "Tianjin": 89.59155360666666, "Hebei": 408.92742134, "Shanxi": 296.4701554133333, "InnerMongolia": 246.56716963333332, "Liaoning": 397.89443988666665, "Jilin": 146.85187538666665, "Heilongjiang": 228.03843518, "Shanghai": 142.31716229333333, "Jiangsu": 386.7146235066667, "Zhejiang": 267.35372208666666, "Anhui": 171.64273019333334, "Fujian": 99.37323437333335, "Jiangxi": 90.32009306666666, "Shandong": 661.8382439, "Henan": 343.32938207999985, "Hubei": 167.84490440666664, "Hunan": 167.21071805333332, "Guangdong": 272.16552162, "Guangxi": 70.54686174666668, "Hainan": 7.554672553333333, "Chongqing": 73.2754897, "Sichuan": 159.38908744, "Guizhou": 144.13033743333335, "Yunnan": 124.55971148666667, "Shaanxi": 217.3277412266667, "Gansu": 104.50963137333332, "Qinghai": 21.120290753333332, "Ningxia": 74.03123621333333, "Xinjiang": 132.4432467866667}