{"Beijing": 96.83595784, "Tianjin": 134.28552555333334, "Hebei": 569.3714923964532, "Shanxi": 654.0450237333336, "InnerMongolia": 562.4964512476132, "Liaoning": 494.58754982, "Jilin": 225.77494142, "Heilongjiang": 351.5363086, "Shanghai": 161.41992512711667, "Jiangsu": 546.2891356399999, "Zhejiang": 375.7671392286666, "Anhui": 282.904202136, "Fujian": 179.63985276963334, "Jiangxi": 134.19216604666667, "Shandong": 929.1189914912246, "Henan": 573.1298996799999, "Hubei": 279.60788582666663, "Hunan": 231.6964587666667, "Guangdong": 445.05936574, "Guangxi": 134.27558259333333, "Hainan": 44.91388286666667, "Chongqing": 138.38018979985668, "Sichuan": 283.5674124066667, "Guizhou": 246.75719479999998, "Yunnan": 176.25679604686, "Shaanxi": 308.25053345156334, "Gansu": 145.09234040666666, "Qinghai": 37.14019736143667, "Ningxia": 151.54359312537335, "Xinjiang": 240.81767513333327}