{"Beijing": 80.40556009999999, "Tianjin": 90.02082730666667, "Hebei": 453.9808601466667, "Shanxi": 238.13284176, "InnerMongolia": 328.9522359934332, "Liaoning": 410.6263911333333, "Jilin": 161.9128054933333, "Heilongjiang": 222.49605006000004, "Shanghai": 131.56202000666664, "Jiangsu": 436.34622378, "Zhejiang": 326.15735626733334, "Anhui": 197.4015286133333, "Fujian": 128.66554616666667, "Jiangxi": 107.21879193999999, "Shandong": 765.6405900425733, "Henan": 394.89227696000006, "Hubei": 210.59293836666663, "Hunan": 202.42901774666666, "Guangdong": 327.4452751533334, "Guangxi": 89.63135676766666, "Hainan": 34.20510165333334, "Chongqing": 91.47992769999999, "Sichuan": 207.82132250000004, "Guizhou": 159.51047436000005, "Yunnan": 137.40893333544335, "Shaanxi": 234.27514794, "Gansu": 118.03463589333332, "Qinghai": 24.982790341, "Ningxia": 98.25269680866667, "Xinjiang": 152.45243434666668}