{"Beijing": 94.72706830666667, "Tianjin": 149.14449565999996, "Hebei": 623.4575251933333, "Shanxi": 766.1171227599999, "InnerMongolia": 740.5160099266664, "Liaoning": 524.4689824, "Jilin": 264.66853431333334, "Heilongjiang": 381.2402207066666, "Shanghai": 170.60296411333337, "Jiangsu": 613.10788852, "Zhejiang": 398.622661, "Anhui": 315.38719418666665, "Fujian": 210.15153345333334, "Jiangxi": 144.74835432, "Shandong": 976.5568410733333, "Henan": 654.10037156, "Hubei": 321.88090453999996, "Hunan": 269.55956674000004, "Guangdong": 501.36157366, "Guangxi": 173.33715508666666, "Hainan": 52.97031218666667, "Chongqing": 150.70831850666667, "Sichuan": 280.3755627, "Guizhou": 268.6908610266667, "Yunnan": 187.80665799999994, "Shaanxi": 344.5194306333333, "Gansu": 169.69415469999996, "Qinghai": 50.10085617333334, "Ningxia": 190.94822575333333, "Xinjiang": 286.31109839333334}