{"Beijing": 83.38630906666667, "Tianjin": 61.242069066666666, "Hebei": 639.3670548866667, "Shanxi": 1474.4987889266667, "InnerMongolia": 753.7999418933337, "Liaoning": 502.3709062932751, "Jilin": 218.85176275333333, "Heilongjiang": 347.80471430666665, "Shanghai": 161.64688139999996, "Jiangsu": 634.16123836, "Zhejiang": 381.50131998000006, "Anhui": 392.8482954266666, "Fujian": 234.4745259133333, "Jiangxi": 170.4058129, "Shandong": 1052.1841488199998, "Henan": 537.0660642733334, "Hubei": 252.87707375999997, "Hunan": 250.51576701333332, "Guangdong": 497.9458497400001, "Guangxi": 173.22602922666667, "Hainan": 65.35463163333334, "Chongqing": 139.19256126666664, "Sichuan": 253.58406956666664, "Guizhou": 327.5703885133333, "Yunnan": 178.65131732666663, "Shaanxi": 529.3634789333335, "Gansu": 176.57530076666666, "Qinghai": 44.05121630666667, "Ningxia": 193.37849047333333, "Xinjiang": 379.0918000733333}