{"Beijing": 92.26209452666667, "Tianjin": 92.70346117333332, "Hebei": 481.98013290000006, "Shanxi": 593.7542019466666, "InnerMongolia": 437.6763423599999, "Liaoning": 436.4456884333333, "Jilin": 190.51846928000003, "Heilongjiang": 239.37425926, "Shanghai": 144.42050640466667, "Jiangsu": 462.0529130599999, "Zhejiang": 338.75492433533327, "Anhui": 240.46416578000003, "Fujian": 137.01804539999998, "Jiangxi": 115.47401430666667, "Shandong": 831.5024652240934, "Henan": 330.9702801733332, "Hubei": 212.05967566, "Hunan": 198.19500258, "Guangdong": 356.9393948333333, "Guangxi": 95.72933923333332, "Hainan": 35.58447656, "Chongqing": 119.79792582666667, "Sichuan": 234.20901686666667, "Guizhou": 195.37364653999995, "Yunnan": 150.48642102759, "Shaanxi": 274.76467728666665, "Gansu": 126.46277645333333, "Qinghai": 32.11910005266667, "Ningxia": 109.47185669333334, "Xinjiang": 179.21805578666664}