{"Beijing": 95.93737762533331, "Tianjin": 143.13692568666664, "Hebei": 642.3070621986535, "Shanxi": 854.6698846066664, "InnerMongolia": 788.6916738363333, "Liaoning": 543.2743283799999, "Jilin": 265.3038112, "Heilongjiang": 393.3307429066666, "Shanghai": 168.52072117199998, "Jiangsu": 619.9885850133334, "Zhejiang": 383.59345537800004, "Anhui": 355.9069967333334, "Fujian": 208.52901392666666, "Jiangxi": 146.46029093333334, "Shandong": 1007.5604199374523, "Henan": 545.86928474, "Hubei": 311.387899004, "Hunan": 275.30121665999997, "Guangdong": 486.6959933666667, "Guangxi": 192.8531263666667, "Hainan": 54.23930396666666, "Chongqing": 149.35840514342664, "Sichuan": 289.7123398466667, "Guizhou": 287.21315805999996, "Yunnan": 195.46826203144374, "Shaanxi": 405.1313081412901, "Gansu": 173.75377908666667, "Qinghai": 58.55969730266667, "Ningxia": 188.5696174412791, "Xinjiang": 333.4407996466666}