{"Beijing": 60.3822398, "Tianjin": 55.763996266666666, "Hebei": 247.09833786666667, "Shanxi": 232.34922289999992, "InnerMongolia": 100.53226233333334, "Liaoning": 237.13322278666664, "Jilin": 94.36422539999998, "Heilongjiang": 170.90392100666665, "Shanghai": 86.83012073333333, "Jiangsu": 202.60934553333328, "Zhejiang": 108.92119874666668, "Anhui": 112.63820743333329, "Fujian": 43.127733586666665, "Jiangxi": 51.47948361333334, "Shandong": 261.29919442666665, "Henan": 133.25870336666668, "Hubei": 110.51961535333334, "Hunan": 101.28331673999999, "Guangdong": 146.81938846, "Guangxi": 44.15249472000001, "Hainan": 9.605380553333331, "Chongqing": 54.95386094, "Sichuan": 117.75328192666665, "Guizhou": 105.14930278666667, "Yunnan": 61.088644826666666, "Shaanxi": 77.7888296, "Gansu": 66.72143696666669, "Qinghai": 12.263693493333335, "Ningxia": 29.29774538, "Xinjiang": 89.26810783333333}