{"Beijing": 86.69487504, "Tianjin": 151.03245929999997, "Hebei": 657.7199650133333, "Shanxi": 1499.0626243, "InnerMongolia": 783.7430854866665, "Liaoning": 529.8634425866667, "Jilin": 237.2885526333333, "Heilongjiang": 363.48212584, "Shanghai": 181.78292098000003, "Jiangsu": 638.440952, "Zhejiang": 387.56092082666663, "Anhui": 387.18004041333324, "Fujian": 203.57113088000003, "Jiangxi": 162.18946447333335, "Shandong": 944.49442586, "Henan": 594.4161655466667, "Hubei": 252.9214366933333, "Hunan": 266.32740430666666, "Guangdong": 493.0877252666667, "Guangxi": 189.7749425466667, "Hainan": 51.966495466666665, "Chongqing": 134.28004044, "Sichuan": 277.5084064, "Guizhou": 314.2459347866667, "Yunnan": 195.78144071333327, "Shaanxi": 482.8362908666666, "Gansu": 181.46648981333334, "Qinghai": 70.83474422666666, "Ningxia": 187.75607406666663, "Xinjiang": 336.3367715533334}