{"Beijing": 61.760888099999995, "Tianjin": 66.70229714000001, "Hebei": 266.51544518, "Shanxi": 93.38229715999995, "InnerMongolia": 117.60818678666666, "Liaoning": 272.45706196666663, "Jilin": 102.50680243333335, "Heilongjiang": 163.02353682666663, "Shanghai": 105.86423957333334, "Jiangsu": 217.3128372133333, "Zhejiang": 147.83491268, "Anhui": 128.95889965333333, "Fujian": 53.645267286666666, "Jiangxi": 52.70291502666666, "Shandong": 303.3498510666667, "Henan": 156.3177719333333, "Hubei": 126.836997, "Hunan": 82.07536540666668, "Guangdong": 185.46056025333328, "Guangxi": 44.951215166666664, "Hainan": 4.929755173333334, "Chongqing": 56.448327533333334, "Sichuan": 105.75269790666665, "Guizhou": 55.56257236666666, "Yunnan": 58.59139278666667, "Shaanxi": 70.41435842666667, "Gansu": 73.17171713333332, "Qinghai": 15.40518478, "Ningxia": 0.9261131400000001, "Xinjiang": 93.65134493333333}