{"Beijing": 60.63737166666666, "Tianjin": 56.90042323999999, "Hebei": 251.7914337533333, "Shanxi": 142.1487063733333, "InnerMongolia": 103.34796142666669, "Liaoning": 248.57456186, "Jilin": 95.27273628, "Heilongjiang": 165.2093907, "Shanghai": 92.58833453999999, "Jiangsu": 207.85183178666665, "Zhejiang": 120.86605572666664, "Anhui": 114.76376807333334, "Fujian": 49.30908112666666, "Jiangxi": 47.767074386666664, "Shandong": 260.4147590666667, "Henan": 139.6122635, "Hubei": 123.46093536666665, "Hunan": 78.91991353333333, "Guangdong": 157.78815570000003, "Guangxi": 44.8202118, "Hainan": 4.211550653333333, "Chongqing": 60.26875226666666, "Sichuan": 99.92114304666664, "Guizhou": 62.41223784, "Yunnan": 58.02360222, "Shaanxi": 73.7080377, "Gansu": 66.66561961333333, "Qinghai": 14.4396508, "Ningxia": 28.45263441333333, "Xinjiang": 86.70089176666667}