{"Beijing": 69.3735695, "Tianjin": 71.52413583333333, "Hebei": 320.6887743000001, "Shanxi": 308.8455824333334, "InnerMongolia": 126.35710095999998, "Liaoning": 319.54046647333337, "Jilin": 116.47570584666667, "Heilongjiang": 172.02490261333332, "Shanghai": 123.97791752, "Jiangsu": 268.1329425066667, "Zhejiang": 184.0423972, "Anhui": 150.36333869333336, "Fujian": 74.99757943333333, "Jiangxi": 67.82999808000001, "Shandong": 424.1569958666666, "Henan": 231.7626929333333, "Hubei": 150.51688722666665, "Hunan": 104.20530743333333, "Guangdong": 225.58294952666668, "Guangxi": 49.71138744000001, "Hainan": 8.302571506666668, "Chongqing": 54.542513193333335, "Sichuan": 148.6697251, "Guizhou": 111.70259637999997, "Yunnan": 81.85600017333336, "Shaanxi": 93.60998860000001, "Gansu": 90.30957215333333, "Qinghai": 18.2439028, "Ningxia": 38.07641378000001, "Xinjiang": 102.94541119333336}