{"Beijing": 88.97727004509333, "Tianjin": 143.93499225999997, "Hebei": 624.58643386, "Shanxi": 1552.0053073600002, "InnerMongolia": 806.0000900000002, "Liaoning": 520.8065530133333, "Jilin": 234.9688145733333, "Heilongjiang": 350.3544870733333, "Shanghai": 156.54657271800002, "Jiangsu": 621.0711742733333, "Zhejiang": 380.79470165488334, "Anhui": 401.79524150701, "Fujian": 229.15517606666663, "Jiangxi": 165.47060663333332, "Shandong": 997.8307935896967, "Henan": 557.5265443733333, "Hubei": 251.82368012138, "Hunan": 255.96912081333335, "Guangdong": 500.64849354666666, "Guangxi": 183.49961362333332, "Hainan": 58.85284643333333, "Chongqing": 139.1161893866667, "Sichuan": 298.40235778, "Guizhou": 319.61199394, "Yunnan": 187.77043371610787, "Shaanxi": 502.0402489513335, "Gansu": 180.46855229333335, "Qinghai": 62.531443573333334, "Ningxia": 195.21582880721337, "Xinjiang": 366.2596650466668}