{"Beijing": 81.27561754666667, "Tianjin": 90.40551881333333, "Hebei": 409.1073463966667, "Shanxi": 313.86090118000004, "InnerMongolia": 277.98126238000003, "Liaoning": 417.33746016666663, "Jilin": 164.06577424000002, "Heilongjiang": 231.43816134, "Shanghai": 138.35234164666667, "Jiangsu": 419.5027709866667, "Zhejiang": 302.17944277333334, "Anhui": 188.55954175333335, "Fujian": 112.57482556666668, "Jiangxi": 101.18028705333334, "Shandong": 745.5731740983333, "Henan": 352.47168086, "Hubei": 199.67909136666663, "Hunan": 184.85340521333333, "Guangdong": 310.2787414533333, "Guangxi": 80.97079900666667, "Hainan": 14.610851613333333, "Chongqing": 83.98257561333332, "Sichuan": 167.74815338, "Guizhou": 167.54031016666664, "Yunnan": 140.6143401746, "Shaanxi": 187.38375541333332, "Gansu": 110.45776105333334, "Qinghai": 24.32345878666667, "Ningxia": 82.42119286000003, "Xinjiang": 148.51230716}