{"Beijing": 63.471916900000004, "Tianjin": 66.94701199333333, "Hebei": 257.92865510666667, "Shanxi": 87.94315706666667, "InnerMongolia": 110.86697008666667, "Liaoning": 290.37292582000003, "Jilin": 95.97168036, "Heilongjiang": 172.1171957133333, "Shanghai": 100.65764020666666, "Jiangsu": 216.25951258666666, "Zhejiang": 100.16360422666668, "Anhui": 122.49529432, "Fujian": 53.99741417333333, "Jiangxi": 51.51121690666667, "Shandong": 261.4171916333334, "Henan": 140.53059330000002, "Hubei": 127.86111565333333, "Hunan": 75.79219485333334, "Guangdong": 182.1402045, "Guangxi": 47.47575506666666, "Hainan": 4.7899212, "Chongqing": 60.59587934666666, "Sichuan": 104.03614795333331, "Guizhou": 61.25344108, "Yunnan": 53.53048516666667, "Shaanxi": 68.53855937333333, "Gansu": 70.7381526, "Qinghai": 12.553015926666665, "Ningxia": 0.8144065000000001, "Xinjiang": 89.32772873333334}