{"Beijing": 64.27314, "Tianjin": 68.83112333333334, "Hebei": 289.9851553066667, "Shanxi": 207.6915073333333, "InnerMongolia": 132.26424644666668, "Liaoning": 294.11179236666663, "Jilin": 105.21054946666666, "Heilongjiang": 164.12600346000002, "Shanghai": 109.24907383999997, "Jiangsu": 232.35611174, "Zhejiang": 163.09997113999998, "Anhui": 133.06824932666666, "Fujian": 61.89461570666666, "Jiangxi": 56.28194362, "Shandong": 345.88328430666667, "Henan": 162.70257353333332, "Hubei": 135.13141796, "Hunan": 94.5465924, "Guangdong": 198.48783326666666, "Guangxi": 41.82215031333333, "Hainan": 1.0093991, "Chongqing": 57.90651513333334, "Sichuan": 113.82485115333334, "Guizhou": 68.57656239333335, "Yunnan": 63.20665663333333, "Shaanxi": 84.72650680000001, "Gansu": 79.07863145333334, "Qinghai": 16.3825388, "Ningxia": 1.08754144, "Xinjiang": 91.98289804}