{"Beijing": 95.57911561333331, "Tianjin": 98.05496459333334, "Hebei": 511.05590776666673, "Shanxi": 589.8364922799998, "InnerMongolia": 476.9876340666668, "Liaoning": 456.7598960133333, "Jilin": 201.97765382, "Heilongjiang": 274.61244746, "Shanghai": 142.4817524017163, "Jiangsu": 485.96631998000004, "Zhejiang": 351.96871915866666, "Anhui": 273.2083028, "Fujian": 161.88932489000004, "Jiangxi": 117.12688833333331, "Shandong": 879.8158296914398, "Henan": 471.8889228466667, "Hubei": 232.69353496666662, "Hunan": 212.11892057999995, "Guangdong": 394.88333888000005, "Guangxi": 109.70214928666667, "Hainan": 37.794644653333336, "Chongqing": 136.37386157333333, "Sichuan": 271.05316977333337, "Guizhou": 227.1579887466667, "Yunnan": 165.45042829912998, "Shaanxi": 262.3428179089999, "Gansu": 124.38414233333332, "Qinghai": 35.45867129666667, "Ningxia": 140.2264710338533, "Xinjiang": 214.55076204666665}