{"Beijing": 77.46762860000001, "Tianjin": 78.9938747, "Hebei": 365.67796239333336, "Shanxi": 322.9408937133335, "InnerMongolia": 210.05433037333336, "Liaoning": 355.87906701333327, "Jilin": 123.66309792666665, "Heilongjiang": 193.17418441333328, "Shanghai": 133.87932406666667, "Jiangsu": 314.19706112000006, "Zhejiang": 231.8204403933333, "Anhui": 165.28613316000005, "Fujian": 86.71496977333332, "Jiangxi": 83.35710204666667, "Shandong": 518.2759317733332, "Henan": 239.26083853333338, "Hubei": 169.10648629333332, "Hunan": 114.20551852000001, "Guangdong": 251.31810843333335, "Guangxi": 67.23290950666666, "Hainan": 8.767500066666669, "Chongqing": 64.41700151333333, "Sichuan": 169.86603079333332, "Guizhou": 123.38232113333333, "Yunnan": 59.664265, "Shaanxi": 116.46021599999997, "Gansu": 99.56673650666669, "Qinghai": 19.615059593333335, "Ningxia": 61.321773939999986, "Xinjiang": 120.97738017333333}